회원 ,,,,
ID,비밀번호,이름,전화번호,생년월일
roguohry,eb3ha4el,김선응,010-1465-2352,1974-07-11
mmd4m2bk,990q9px7,김은식,010-5635-2452,1962-02-07
8kadvnlg,u6xzh973,김현영,010-7167-1447,1966-07-22
tr7m374d,geu9qurz,남궁시우,010-3602-2631,1994-10-29
fp45bifz,1crsy51m,남궁영아,010-1661-4575,1999-06-03
an1ea3pv,x9n1xpbi,남인정,010-3705-7483,1995-06-23
vuynin8h,ihka5av4,남현수,010-3077-8857,1993-10-10
hsvwr8jd,4fhjdv50,노재하,010-8207-7118,1984-04-11
2qs6pt29,pdescfpw,류천희,010-3487-2715,1975-07-10
oxofydcw,bkb2k0zj,문윤영,010-6126-0457,1985-10-22
jvlo6ows,6i8btbjf,박다정,010-8157-7241,1996-12-14
53ixe96e,rp5k1wt1,박범호,010-7315-3218,1969-12-19
q0f7duqa,dn2jq63n,박예은,010-7866-1473,1970-01-29
cycgle06,obptyrdj,배민수,010-3153-4781,1974-10-02
769puzkt,kim27cx6,배민하,010-2417-4510,1980-12-09
s3682jup,5gjlfw72,배인호,010-6113-1151,1982-07-17
e13h14eb,reguehqo,배진호,010-6602-0003,1975-07-21
z9qq9fo7,cl33ms1k,배창재,010-5037-0112,1950-01-30
l6n0i083,yj0cudkg,백희영,010-8103-1288,1959-05-07
g4k9gkiq,thxmtxu3,봉재호,010-5762-8342,1987-01-22
1chip51m,epuv1iez,서대희,010-3567-7062,1986-01-07
naerxqb8,0mr4a2ol,서성옥,010-2248-1345,1967-01-15
97b05am4,lkodinyh,서용일,010-0053-0715,1956-04-27
4f8a4l5r,gslnhyi3,손은영,010-8468-6013,1960-01-18
pd5jc6fn,2piwpjsz,손재호,010-0126-7112,1950-08-04
ba22lqzj,onefx3cv,손준일,010-3257-1644,1979-12-01
wizbjb95,9vbowomi,손지우,010-7324-0700,1976-04-21
igvkswt1,vt8x496e,송경주,010-5823-4404,1958-09-29
dest0g3o,qq56dtg0,송승윤,010-2156-2024,1957-03-21
ylp381nk,by2fle0w,심상아,010-8570-6356,1974-12-22
kjmc7cxg,xwzpkpas,심소민,010-3382-4548,1959-01-05
5hjlfxh2,itwys9uf,심승남,010-1823-8651,2000-08-03
dyfr0sqm,41t70u4b,안민규,010-1564-4264,1991-07-16
ywc18c9i,zzqgzfnx,안상민,010-7451-1544,1955-12-04
tu9agxk4,kxnq8zyt,안연주,010-8725-5513,1989-07-03
f16jph30,64kzgkhp,안준영,010-6662-0887,1954-11-21
0z3snsdw,s2hiovrc,양다미,010-7833-0215,1966-05-05
mx02wdxi,n0erng28,양호선,010-5740-3466,1952-08-02
74xb4y7e,87a0v0lu,예도환,010-7464-7148,1957-07-01
32tk3ir1,u5794lvq,오승우,010-2312-2743,1989-01-30
o0qtb31x,f34j25fm,유대일,010-4211-7887,1951-03-18
a8n2jolt,1a1sbqp9,유수호,010-0825-4240,1999-04-26
v5klszvf,w8y1j195,유윤숙,010-4480-1160,1983-09-30
q3hurj5b,hfvarmjr,유희정,010-8584-0020,1951-06-08
cbe4z4py,3dsjq63n,윤원우,010-4714-5525,1997-06-12
x8bd7ozu,edg616r9,윤정현,010-3288-4825,1967-06-08
j68m69jq,zadf9qbw,이대일,010-5578-7406,1975-12-15
4e5veutc,liaohbls,이명자,010-8366-3118,1988-02-13
zc25n5d8,gg7xgw4e,이은성,010-5716-7544,1999-04-15
ljzevpnv,1e47pgfa,임민우,010-8462-4506,1970-05-06
jg8ngajq,urjxrku1,임인우,010-8602-8485,1978-09-15
ee5wfu3d,ppg7p5eo,장기호,010-8572-7532,2000-01-05
0c25nfd9,bndgyqok,장도준,010-3653-7021,1980-02-17
mjzevzx5,wuap6a7g,장선하,010-2672-8322,1967-01-06
7hwx4b7r,is78eli2,장원영,010-4481-3830,1971-09-02
2ft62vhn,dq4hd6sy,전범준,010-3804-4332,1986-03-01
onqgbg1a,yx1qlqbk,전보영,010-7574-7545,1991-04-08
9knpj0b6,kvy0ubmg,전선욱,010-6433-3032,1974-09-02
vikyilv2,5tv9tw5c,전승환,010-8716-3541,1999-09-15
gqh7q65o,r0ri1gfz,전형욱,010-1762-7347,1960-08-26
bnehyhok,myor9rzv,정남주,010-4177-2682,1987-12-13
xvbq71z7,86l0hc9h,정상현,010-0465-8766,1980-05-17
it8z6mi3,t3iagxtd,정준혁,010-4864-8618,1954-02-23
4r48e7sz,f1fjph39,정현지,010-2350-1507,1997-01-05
zy1hmrcl,a9csx2nw,정형빈,010-8130-4187,1984-12-30
lwy0ucmh,v69b5mxs,제갈예지,010-1088-0316,1970-07-23
6uv9tw64,h46k47he,조수빈,010-4376-4405,1951-12-24
s1jj27g0,2cttcira,조혜민,010-3444-5754,1950-02-07
dzgsas0w,oaq3l3b6,조호경,010-8770-0107,1980-04-07
8xc19dai,j7ncjnlt,조호재,010-6432-5367,1979-07-19
u49ahxue,5fkls84p,최우원,010-3021-5583,1963-08-23
f26kpi41,qdhu0tfb,최윤미,010-1602-6146,2001-08-08
103ty3ex,cae48dp7,최재웅,010-5156-1120,1982-10-26
w702weyj,7ibd7o8u,최주현,010-0383-1570,1956-02-08
i5xb5y8f,sg8mf9jq,추다영,010-7771-7575,1985-03-02
33uudjsb,ee55ou2m,추상호,010-6072-2006,1983-06-10
par3c32x,zl2emec8,탁현비,010-6838-2810,1996-10-15
a8odkolt,ljznvzw4,표현성,010-1405-5150,1974-08-01
56lms9wg,ghvw3j6r,표희성,010-6024-5148,1986-07-06
rdiv1tfc,1os6b4qn,하세준,010-2132-4871,1971-03-21
cbf4z4p8,nmpfaf0j,한지현,010-0286-0472,1978-05-27
y9cd8p9u,9kmoi0k5,허광현,010-0171-0570,1989-04-15
103thmxg,qfvjrvs0,허춘자,010-6744-1765,1981-04-25
fqjlgxh2,cmrtzfcw,허춘자,010-6376-3755,1982-01-30
1ogvohry,yko270mj,홍미옥,010-3862-8171,1998-12-26
mmddw2bu,jilbglwf,홍성수,010-2048-5737,1977-07-15
8tanvnlh,epikewg1,황진영,010-0346-6256,1954-04-15
tr7w375d,0nftngqx,강선화,010-8524-1055,1986-12-28
op45csfz,llccv1at,강세원,010-1338-0647,1988-09-07
ax1ekdyv,7s9lumkg,강소원,010-8784-4184,1977-08-19
wuynjo9r,sq6v264c,강재은,010-7134-1404,1973-07-27
hsvxr8se,no34arey,강태준,010-2425-1746,1977-01-05
30s6zt2a,9v0djbxu,고기준,010-3684-5474,2001-01-04
yxpfydmw,utxmhm7q,고연재,010-1018-3283,1977-05-19
jvmo6yws,gruwq7rc,고영자,010-4062-3121,1998-02-13
53iyfjgo,1zr5ys19,고예준,010-7373-5530,1987-01-07
q1fgnuqb,xwoexclv,권도원,010-7480-4463,1955-12-17
lycqme07,iukn5xvr,권영지,010-4145-8456,1969-10-03
769zuzkt,42hweifn,권윤식,010-4855-8360,1986-12-28
s4682kup,pzefmtp9,김광수,010-0860-0585,1986-11-20
,,,,
,,,,
,,,,
